X1;X2;X3;X4;X5
92;45;168.5335516971035;9;27654.418969778264
37;151;190.15934367275713;1;34518.65704240881
53;47;254.25090155071334;2;29265.43537961705
33;31;268.49256023576237;9;20493.368921607536
67;139;75.33651990668325;9;32065.440851610907
111;10;8.089549524106637;6;29477.607757382295
26;118;300.3461785479049;6;28214.387746081728
30;14;177.7021320653666;4;21086.180476417427
32;80;86.8006552984154;4;19126.978462535277
118;93;74.82227129240128;5;29468.0127581232
89;10;53.85980668811332;3;21677.784005245932
53;76;49.21841443525451;1;25399.225584449712
75;94;232.49800496685947;1;30371.88848360173
85;105;106.13953130346066;7;30023.39561728551
88;1;195.600647884085;1;20906.75053070347
109;133;42.34909167717505;1;23962.87217383386
53;20;254.92990484873087;3;28845.30652573821
24;8;275.3088688564634;4;29977.776069042364
90;171;270.34260018288427;4;34595.28510502813
96;1;276.39722246603884;2;25636.371517728614
67;57;125.68257709315986;1;29519.092578430616
65;64;39.428243407613046;3;37919.94788306126
108;118;202.2677920926022;4;26087.521030871143
53;28;123.97468909116071;3;25711.141370637153
75;121;7.582343591056859;8;25212.425179336402
5;107;102.91699061402059;1;33000.9722936778
100;165;165.12880536528243;2;35539.89803105994
17;175;104.11520501543659;7;36737.36056468038
98;165;102.58848846121069;4;37152.68281295538
91;49;261.80239663125343;8;35018.15126851758
55;120;245.8444811081961;3;35683.77482284233
60;44;276.73250713685593;6;33208.67978830044
87;56;31.407199843987755;9;25139.696550515284
66;156;126.01429841868564;1;41019.484324875724
36;111;11.761897067553214;1;28366.066302555
34;134;16.37499982745223;8;30483.552286880094
33;108;128.11676932346933;3;33272.60288676497
53;148;64.23318837536107;5;36204.52131524638
49;114;105.8020324891733;1;27023.625988837604
97;78;22.044052883871824;5;30692.353541130513
34;130;137.80508884697647;6;40860.41658434738
20;37;270.9023748988191;8;20757.38719232952
44;20;172.92593081168238;3;34596.22620506363
23;26;279.470080708539;3;25917.23774291755
22;29;100.81768653686338;9;16078.685832824232
5;1;208.21289056458184;4;18640.951332585468
82;119;63.03109488491291;4;28692.22231132403
119;35;246.35946518995132;7;26584.913496086287
51;59;126.98259494867277;2;28884.923706873313
118;69;270.3661068315801;8;18162.66935119214
70;161;23.43764064892718;6;36750.87196238827
96;179;134.6933037564545;3;31780.607458375576
117;12;202.56474025663488;9;35491.26285800529
118;20;283.83169322528187;5;27328.306396280124
98;43;148.1168474817274;8;34568.72085866365
42;126;125.91775781302415;7;38973.374899571456
55;50;210.74397776325424;8;34882.72621733109
67;29;183.70284808606314;7;25589.786285187573
8;39;251.6724402670762;3;24688.01921139338
5;171;122.54762504154999;2;33745.10350355842
12;178;217.87168988032465;7;38981.37687689463
33;151;56.042808415545096;3;31782.803651229187
59;172;223.47877655723732;3;35393.477632048765
107;38;220.25597446922538;2;30613.70908169725
7;84;229.32605542008793;4;25653.600369760665
36;151;141.90777425169358;8;29959.62855835441
14;128;71.1139499905548;1;31742.510592980045
78;126;298.4949395434978;1;33455.78407475821
87;45;272.8776503636532;5;31690.787400008212
114;52;176.0543472217104;5;33765.26287475778
38;80;243.27814905387382;1;24775.795897141754
101;178;212.08883913623075;6;33275.915340282176
91;124;194.04258986114402;1;28855.008562184492
59;119;161.2973954624996;5;40235.57700795711
96;8;173.17383333930118;9;27330.597048987325
36;85;32.35052946730907;5;30924.026476225103
54;129;43.98931920119418;6;34015.481820067565
11;8;70.63701888037504;8;22726.429931411803
97;157;282.112071467308;1;43494.78759473015
12;96;185.29442042870966;2;32835.113274093645
69;102;158.28371239081974;9;32924.662648889745
61;5;264.7874447102233;3;21109.45789424717
71;86;106.88660207662089;6;25808.117541718777
92;175;136.21865516795012;5;35377.62234197115
91;34;250.20049576587738;2;25229.98103214085
63;55;296.7671261846407;7;24473.858272267244
76;119;212.408138643729;4;31545.739902142224
58;171;291.5919570961856;1;34669.49985862056
115;158;63.2834231789053;4;37011.447102301354
105;114;261.49983732685945;6;31290.742643128688
71;145;165.0420263722168;7;29979.21652669984
55;26;47.110618463998534;7;23170.365570043767
101;136;179.18284121312163;7;41121.41364613094
96;47;144.20699933491227;3;23374.911568191288
115;113;135.07240097068555;6;35751.82149145635
12;76;1.0148527885745955;8;32744.33164887198
38;72;255.5634863675178;4;29460.502620821655
39;89;127.42933387753621;8;40207.59529202589
100;46;188.86612021080714;2;32076.914965138498
92;33;60.74439569485665;9;38479.49524152325
82;1;4.158947843411061;9;24028.499990425636
36;147;309.8713137094189;8;31405.522950532908
50;31;136.20133465891317;1;30371.685793400073
111;142;189.29193358959566;2;33859.05181340399
20;53;20.670571658777995;6;37263.33712446009
72;48;231.76873988674433;5;31125.851918154684
41;69;113.8154730481718;9;25139.208900716425
58;105;148.6125205545993;5;23683.857957279866
89;90;39.139082416442754;2;31451.26703828368
18;63;219.8772694996328;4;28751.594352333836
99;73;211.58215484824387;9;33210.26961654194
59;161;220.46168536970322;1;41260.972868779514
52;169;108.37564545347661;1;40925.666519969636
86;89;229.59817801846395;7;29246.534838317835
11;176;146.2607297873532;3;28872.97299097789
78;13;252.4064330084869;2;21142.164324954654
11;73;231.50083606440793;9;26357.59147339311
37;77;88.98819488542382;3;28414.322259804903
27;159;45.958682136548546;2;36120.480694825834
89;68;37.61121955293994;8;27091.7820155201
23;98;139.25144497293235;6;32821.859855566574
116;125;99.26138977458461;6;36439.05072929526
23;102;174.50852308121898;7;32443.409412979447
40;132;34.420959764829234;7;28079.535014936526
33;102;156.8328774473869;6;34165.753626179794
64;19;28.55446491472225;4;37965.71814383362
86;82;79.5222402598121;9;33140.654134564524
6;141;281.8600338180963;6;18763.354496743654
5;23;271.5009724353228;4;32916.06786023452
51;83;156.90647833671568;3;27326.14111650307
73;109;101.41993327675834;4;44112.253452478464
24;75;215.77253976792707;3;30480.997256829804
15;129;147.3683641977825;2;24266.606530070872
110;88;77.70544595550516;5;22033.902550206236
6;54;109.60734472429142;2;36007.943813379396
71;89;284.9632087010839;6;37315.99492958636
91;143;206.17629899484095;3;46070.97442883345
16;65;259.2317617974621;6;29491.67242786778
24;76;175.17915439262356;9;30163.9805831016
9;143;196.80447388367116;1;31372.78603920721
41;149;67.38531661644735;6;31323.4187937039
42;147;74.19088470768858;9;32804.05222771092
98;60;262.2483636996391;4;31570.236661620147
13;93;124.13124249537212;2;26409.96606543949
102;161;120.60036725667025;4;27888.42326563008
57;49;295.5678676177322;1;29672.783170070885
48;35;125.83664637975009;3;23755.32200653284
103;172;164.9664409484299;9;21083.741375299658
90;102;283.1447701062352;5;35543.84695328505
112;11;242.37993488671594;6;22605.61480941486
28;99;163.61276865573683;3;34630.367273453674
85;110;88.43883733652727;5;36329.19053257991
78;74;145.93308793428417;8;32651.970057614166
34;174;211.70686124157808;6;48377.44920178248
63;9;240.99365442878624;4;26288.630750138112
114;3;225.7406213109279;2;25976.75216250706
91;85;38.85496104648718;9;35589.122107084586
100;26;174.9367272010023;1;28084.613189431035
85;72;65.1960204747869;1;36478.19768697005
118;48;281.6020481934669;4;23827.73046212239
119;156;2.182349146929944;7;30247.517762678304
85;117;123.51312030144265;1;37035.1274566311
18;154;101.96472410144706;9;28899.43530330699
13;153;83.2118216274878;4;37212.503032213564
44;12;126.82683493618724;3;28570.304231051825
70;133;123.24706634810288;1;30360.618569861683
113;48;262.51133033276085;4;31916.71080116717
29;37;184.54230845687704;9;22171.597771078803
107;44;16.568002607229644;6;24911.100368681495
77;15;67.63583409673582;6;26548.591307939674
26;43;162.65927365672127;1;28367.079095361103
111;176;269.96867810694823;2;35560.00731506071
114;87;38.374653740165606;6;34621.32981936555
8;70;271.6665205566946;2;31187.612075241454
30;46;61.46256800853888;3;36024.42404174073
62;108;51.71866322442371;4;32051.05326427498
33;123;260.7050581621954;5;38898.39715592064
113;171;146.70612755008403;9;42010.12756446947
102;21;268.8573124759654;4;39832.55641646575
91;151;169.4349684090918;9;35245.64990048863
41;107;195.65451195710736;3;29905.80639273506
79;80;34.53492031725244;8;37878.051111218665
74;47;206.8977966957879;1;30997.16285870631
22;117;66.2550027365194;9;39123.9960839195
89;124;8.124480525583527;9;37911.363989947495
46;143;77.31176675347199;2;23507.09954300252
104;25;173.4573867469011;4;30505.558885155915
45;36;46.5824913483411;8;30053.419489757445
42;51;16.081504348240134;7;29869.914512319814
38;15;147.49543326825784;1;25954.944729383085
21;68;27.64289689987212;5;21654.052361028356
41;21;88.36666567827663;7;31870.184586191615
29;141;238.83446287673598;4;35651.97214046748
106;19;20.22856181150698;1;33587.10348698712
80;34;36.943311336242665;9;21409.272378623737
91;78;270.3156994089998;5;33985.34244772634
110;125;153.27439809646035;2;33018.99331226719
90;117;174.79703832448743;8;34589.01004962764
89;52;140.03401559327773;2;28589.921829095547
31;27;28.063575642364697;3;30045.43963740065
61;157;262.92572005972494;1;34204.594395042106
35;156;74.2627921385045;2;29312.345374721554
10;35;69.87074666745566;7;28155.067093930953
95;136;197.44404589891752;2;33467.2473143225
44;144;159.49767798076712;6;33971.29189435558
102;106;236.64195197974763;3;17121.292619799286
16;164;72.77866725024673;4;38253.26041784353
113;158;89.50420592302925;8;35020.3219132661
57;146;249.17709331796416;3;27750.68212990867
75;2;210.83927757991896;6;31579.99758424071
14;177;157.10927783617632;1;38470.92863876465
49;77;193.50525540022144;7;29157.019018625717
21;132;59.02100084059984;8;27698.253102399904
30;90;273.05057981779373;8;32151.213673396862
89;89;276.4757415489561;3;32483.630422938044
96;94;241.8249999537557;1;36734.441414958914
66;7;310.71496497239434;9;25111.64242569755
50;95;136.97763247974885;6;37716.68067432498
68;108;90.74834500110892;9;30344.644983321166
6;74;114.03101635935131;7;23114.031077287895
58;39;234.44970526912994;1;22667.866222613593
111;141;136.58912347688587;1;34716.22230432192
69;159;286.5583789380878;6;35358.63745470634
55;71;231.8965213929013;5;32040.885703753876
57;56;180.651781014133;9;29470.099844407796
40;170;136.75306856395275;2;40336.63258032164
119;42;189.80440344146433;8;28874.56950768712
30;36;52.90763595594303;5;17997.64867564292
33;84;191.16033678370343;2;29881.51655767103
25;118;146.3138475592281;6;22546.966561167596
15;7;45.58442169229179;8;27678.22490498849
44;54;92.66418106515286;4;34449.78499492458
15;129;289.77624634840686;2;27758.987568587403
40;172;257.74622272252657;5;42900.893431959244
117;120;189.6002407810745;2;38252.556223642154
63;173;105.9893488283571;2;42069.27077707527
43;106;236.84681455402918;6;33181.15928217316
108;47;264.92888099078635;9;25379.254121240898
103;123;35.66750472094051;4;38020.38713907069
58;141;37.86944722428512;6;31351.0854661583
102;119;17.815262990776656;7;34708.24253051677
59;150;284.8992384562681;6;34141.58503598191
115;118;53.924197572135796;8;40004.27928398448
28;21;176.16689575173777;4;30668.985029616644
26;137;41.36708413001044;1;32855.23100843814
73;26;39.86301608944311;7;18604.174032299237
60;9;177.42284487391592;3;23666.342667353994
37;15;265.80866380165867;6;30528.441447422087
40;10;150.96646127511661;2;27853.791305232924
115;122;124.76790005793957;9;27171.480327935697
24;121;46.588408191399104;1;23289.080137655554
87;125;43.903008265399926;6;35079.17575078728
103;170;1.045459817584976;6;31637.574161421122
111;72;161.28600000352333;5;26671.907695812115
85;152;101.83277750889035;5;38864.64864391327
66;49;19.027480520858475;1;35048.213902078365
113;154;66.83930649976142;5;32369.59986481851
111;91;97.5271440250578;2;32074.848461939135
102;37;282.52205299392375;7;29136.7266700782
77;68;228.1893062212702;3;29648.089476517416
30;50;83.99856787837284;4;28887.372380781493
70;152;98.81944229870952;3;38847.664639200775
77;19;239.29186710736505;3;24344.21826635202
77;100;7.943155415534583;4;24723.952327419665
44;60;144.63482648730235;5;38033.1196680188
21;167;178.33421943762855;1;40301.16962245025
5;89;163.10524963614594;4;24904.66064375301
93;146;201.293841905883;8;36233.44004387977
65;147;171.52984488690677;7;40074.11082293055
47;164;170.42324914966235;9;39558.229722630196
108;69;144.7954462620257;5;33562.726549646424
46;175;169.7156023117186;4;35152.875542041285
29;49;134.24099018526655;8;37573.969625309786
43;108;92.24535628327972;9;33695.7043622973
39;161;130.32010162071677;7;32760.34370339655
7;119;227.95466610833805;7;36747.098644227975
118;149;91.61883856051493;5;36413.1532097571
105;150;102.82604320456088;4;37419.86863626812
112;176;245.15173197192044;1;38030.256007956035
48;37;244.7903179686904;7;31010.117868834546
55;143;144.31654932711118;1;29230.378733003967
98;163;38.37641412845508;1;28773.468064149954
106;160;252.17999446194457;5;43503.89361616792
102;11;309.90011312586614;9;29457.642808945846
16;138;104.74966353998356;6;37396.07638704289
23;78;197.51055981507693;3;21250.89389911187
105;77;271.3960653118438;3;36817.63554357252
48;153;207.9817151968221;7;32441.49177322116
63;2;51.88013543200642;6;22717.929165954778
53;64;112.98652614025646;9;29982.224161840073
65;35;200.22461588148855;6;23751.06894728738
21;7;37.749901282390596;5;26176.081508871965
78;85;25.47444670302745;7;31088.988264927568
61;146;265.2413533448575;1;39702.40952616942
59;67;78.81815406546667;7;37979.84251069735
117;42;153.72325779169321;3;37141.90896420792
51;118;122.41749923809327;9;21976.575103019422
16;125;1.850218654345957;6;28135.015850783577
66;167;95.81178105081565;9;24952.68618088819
84;169;163.5115483071601;5;30471.628627824844
92;24;281.69545366627943;7;25347.578945480844
87;46;284.0957104266303;4;31548.528076134717
12;19;80.99774700219292;7;24259.953827537298
99;68;260.3875552796717;1;28244.979645256768
25;102;225.83249816219478;7;32671.873415998816
85;42;222.38438028885082;8;21015.371773960942
91;32;60.102625697963425;5;24670.124235180683
105;167;50.853469341425516;2;33945.26687091314
84;109;126.98425307236792;5;32053.530056843276
74;36;235.4454969184374;6;29245.589951127724
76;97;264.45657470761375;2;39502.97894866521
29;164;280.7249703852887;6;39781.840805405474
86;131;280.009724540773;6;30574.279877540324
93;73;274.25677900928184;1;29570.754702742663
16;136;105.10311989647099;1;31372.83431453938
19;97;165.20951495961359;3;28474.577417396278
63;123;109.21307267154194;3;34669.819129104544
30;70;74.0915510230968;4;20510.08223514546
109;169;124.54352965170779;2;41051.80194003242
113;13;29.64535172988063;9;36989.913953576775
30;49;178.13163998492956;7;27524.557296640916
51;60;285.37815973600436;7;28427.247874410856
36;130;202.51839807675503;6;34240.82123604336
14;5;166.1838887402305;3;30878.209884801054
20;172;180.56309241649527;6;33904.91141591379
75;27;37.90496269903387;8;33206.395830508685
21;160;62.0889328138158;8;37476.01336226621
27;149;21.31080230040411;9;46414.01722002345
30;8;79.38316334026018;1;24433.79992418852
89;50;47.0102774524792;1;19631.387761395832
90;67;159.62311907495175;3;23484.52439657243
11;44;120.83229658122951;3;27979.351187000786
18;125;113.8306995990595;8;38150.360470103755
83;58;169.24009574724255;1;26589.604297896378
11;3;286.54506995180935;2;24377.747750623348
13;86;146.31987145461162;2;33660.07368665787
119;70;7.510523806976088;3;26518.966995607712
52;130;194.21996264988866;6;30690.133004025913
76;172;60.63999890179756;1;30296.476561948697
118;2;203.66916653995517;2;33312.58046441281
63;102;45.912053158870094;1;39671.03405898184
91;35;137.6971562616663;5;21134.705052534697
97;98;278.7478253615496;7;32136.162505058885
86;30;152.17300729914294;8;35941.63487532473
99;116;202.3973930088087;1;35397.84591811119
98;8;132.60901252318232;7;25358.373835004528
43;150;269.69234290031494;5;26894.779401945507
103;44;64.84676430101828;1;35193.25275911432
22;36;182.6844464797945;3;29472.426074722487
63;77;120.68704125818516;7;23683.20806129122
110;31;190.09186985388828;1;34774.25526937496
107;47;31.649971528149642;7;22159.14219121065
21;55;119.79998168777281;5;27781.349229162937
18;106;68.14983322464025;1;30046.416483139357
35;158;74.56614672709298;1;42694.41664423918
28;121;47.56412911629025;1;31089.509040599234
103;55;250.9738554642952;9;29378.80656849638
112;144;142.22028660683483;3;28563.49827551153
64;12;153.4453669342853;5;24045.64160470697
49;145;240.26002874293678;9;30694.52269559679
102;144;53.64928874166291;6;31616.588169976538
7;140;268.9495837215999;9;33767.71262445937
41;136;130.22388167953036;8;21876.738070787036
47;3;257.8050650187735;8;19126.958772915506
44;144;29.49093449055283;1;33423.81563196422
94;30;121.0975702583637;9;29738.92341551966
59;23;133.04479870718671;6;26689.966006780523
91;92;34.76120950517323;9;32360.3975510752
112;115;173.6476293229395;3;31702.636931723744
43;104;119.55640526071447;3;31782.746983851688
19;118;36.9254578056542;6;34642.49110131108
117;5;86.92198065949815;9;30280.70864343831
8;104;134.05087936703345;7;28121.65794270752
97;108;212.94302289648752;3;37657.383697914745
90;65;259.25821392155353;3;31322.3034725166
29;121;203.16898570584698;2;38655.85978169885
17;30;282.43320263185603;9;34897.15215633541
86;149;79.04978356676568;3;27973.726393133773
37;84;64.6915258207324;5;26510.192305656452
20;150;122.18697848747135;9;38602.67019985275
113;32;102.47418246767046;8;21184.197899355262
46;161;214.93553283236153;2;42153.93481346686
112;16;274.76382865712924;3;26462.039025936687
70;38;68.21838483459132;2;31448.245175545093
59;142;69.3951243454637;8;34130.28668569612
103;36;179.87195284719732;6;22426.092361081566
46;151;175.16119626170422;6;40095.953010659876
38;114;44.736187627040614;9;46591.505152686645
34;66;122.70369056956451;8;27409.21861822154
17;105;53.10145106448971;4;29928.89724577379
17;85;263.854438543908;4;17170.592283664704
22;2;21.845009047988455;9;33006.76451728061
36;75;143.45429193086682;1;34512.426614210024
100;67;93.81422401124107;2;22082.23068972543
103;151;274.44400137118555;2;25202.582689765568
43;154;117.20763595101334;6;25186.223584173676
50;55;110.27487047226028;4;32554.97562686409
33;6;142.93212721272084;3;29907.887098070412
66;163;273.98637494829495;3;30994.310278156063
117;150;93.72658831410968;3;38303.47015691399
97;171;249.90987357020944;6;37664.39560495576
66;143;102.86638539536769;8;33059.381465728904
112;86;213.33280533093404;7;37296.01413342649
61;60;255.1118960941369;4;23785.581993859807
20;101;157.3675610805183;4;37108.00606796947
60;12;243.7493568628181;2;23286.692229928234
112;49;288.4904163351721;1;38780.98340983523
115;42;174.33601448726358;9;25162.65988259267
14;166;8.128120773219418;2;32994.57960699937
34;82;293.43945386173357;8;31176.875687711763
29;173;5.246057860615487;9;36253.43273911242
107;35;137.04207629054883;4;31694.932503090477
88;158;106.32639324165807;8;29710.727908766614
9;158;157.5215008446968;9;34598.22795876683
69;134;141.90864297078141;5;34889.2485320136
98;67;64.62812533700723;7;28483.448879859367
53;80;81.24461742818026;4;32809.71308729708
7;7;118.02737880312068;1;18870.890432561093
49;14;280.10677564185994;3;25291.38055474658
18;73;158.76275872824195;5;26075.45937798167
34;143;49.559171912684164;3;32287.465352254905
118;149;135.10848667030783;7;43331.777299606016
72;163;248.54439990006145;9;43543.558630787
22;66;144.87586992280933;6;35954.4423029061
66;91;253.04689735478726;1;29087.393599595744
41;130;5.256236889040941;7;38166.46138400103
29;163;189.95249535231898;3;35500.13063462902
52;20;19.9960188505063;5;27707.25851751504
69;10;44.90553272583512;4;26757.39326190415
57;25;11.958418782377333;5;36643.44928689563
114;25;72.29590012735875;5;35716.813027782315
83;54;17.58672643929698;6;33761.06209223549
77;33;151.04857537899449;6;27895.16517244687
19;164;144.12415293001075;8;35419.90379127281
53;95;107.87567872444878;8;34613.183022688674
92;14;228.5255382224736;9;25588.565440729893
72;65;72.3272515696704;8;35310.448579822514
16;110;176.00050845658583;2;27033.69444278547
63;80;255.6506719760528;1;32684.828439987024
41;54;224.78305952671437;2;17496.962251036854
65;125;92.4166094653447;2;30621.097366989354
105;131;78.49109732207998;3;44909.02566459722
47;169;215.72689800386925;7;41111.377471959546
74;134;215.95116955202175;2;41721.22224967262
43;25;176.0130328446947;1;23932.82166322809
60;141;245.3705596790772;6;35029.314184002185
67;117;239.38150650638565;9;39943.76126547152
50;136;181.4183463065829;3;36967.364673526885
92;149;204.48919901948088;6;38084.879386791596
15;25;84.2305552127725;3;35076.96985165031
66;79;100.79364706889274;1;25521.64517193036
81;68;179.1522017815734;5;29784.379802772484
102;173;240.10982520179098;4;28139.202186653227
29;12;242.09305370867014;7;21299.539740321994
75;32;156.68989417451024;6;34025.006960894854
56;128;47.86597223802535;7;29201.863669039383
8;96;112.9272964691116;5;34630.49127062549
63;92;236.54538479554856;4;39938.4052098404
76;141;150.92271852711949;7;33993.509125040306
24;31;71.48099255108795;7;30351.857198999063
97;78;279.5813809845629;6;35357.1806477146
67;20;13.021524497404625;8;21890.14468466717
58;146;175.92599707955094;4;31509.23827349476
119;60;255.10797488462885;5;25928.263941640987
113;134;215.51629818631278;4;32233.024449584856
114;160;116.83070768291392;1;39731.7434904055
78;93;21.059950521889633;8;29326.406345288542
111;43;214.99541692964962;1;29341.973865340915
102;130;165.6197620291866;5;29361.30191534382
61;60;52.665639871923155;6;36106.11082266852
94;151;293.2277592697825;6;32965.32004888332
45;31;120.35163938235304;5;35585.48275954977
117;5;267.0743987489936;3;27958.465469246803
7;162;196.97795847176863;5;27610.8721101846
10;10;198.1019248135073;8;25543.926267271876
9;89;145.55783951292833;2;25017.945862669178
9;130;150.2700176127155;6;35911.486886890765
58;126;33.09655671605907;9;32569.43608836567
51;11;174.32571528672742;8;28016.72127513677
91;178;278.48315675060275;8;35471.514449767186
53;159;56.959131826576495;8;32782.35848068337
13;56;219.6200283350557;7;24090.199951921866
103;83;154.32790684514464;8;36375.70468410765
24;137;19.685611692523295;6;32765.28449100151
117;99;252.08562737344153;2;31284.115531508083
65;149;271.64064179144174;2;33732.6405077892
110;73;114.60737859030402;8;28365.241032571128
39;156;30.480552846439114;1;33006.01286611987
54;115;130.8710272873524;6;33967.53907346744
86;7;57.16385719916783;6;22277.625004716178
66;80;62.1221546185895;4;26579.00003460396
21;144;294.36356751910773;3;40615.93046811337
92;97;25.860760067112537;3;30558.69733600222
7;4;36.85330118357237;1;22676.245955379945
36;4;0.9760506976462192;3;19405.65197220362
103;103;41.24244036054375;4;37245.0981873712
106;40;138.37397284338724;5;24306.00093244578
17;17;239.10189916677683;3;26434.11669519271
115;101;126.9216457510971;6;24720.224653417048
93;103;177.7524222174357;5;36982.64400182058
77;124;132.14288391335825;3;39502.2712180929
72;52;211.49784082164297;6;32146.741727390076
18;52;124.52529774727189;6;21070.01934297352
105;164;233.24503136254782;8;40979.39071954615
102;124;162.62602981690995;2;29853.87500179824
15;166;35.33146032636423;1;28833.89060639194
109;178;194.95853497760962;4;35400.73477121173
60;63;185.6196286996224;7;28189.541633267552
71;116;103.20500257984312;3;30533.82674409855
96;62;22.137756629073277;3;36845.52123952347
33;7;250.2681435354866;5;36462.029982213135
13;155;300.95719354937864;5;27515.65731325268
71;92;261.27137807423526;3;28265.38802837705
29;14;74.43493665516627;9;27765.011680224787
102;86;70.17426812602022;4;30074.037545313862
80;133;256.66675244287075;3;36175.59374639258
46;130;189.50697443059775;2;37889.84677972897
13;62;187.95309563079377;9;33206.2597113502
83;149;299.4907843224936;4;38263.35783924917
44;79;43.50080447561456;3;38783.17760459861
29;149;58.99992058474764;7;26533.843585419454
9;138;79.63152343365293;8;40978.86395977308
15;58;121.7667987327942;2;26632.821829551285
63;120;15.350038839807292;7;37391.656103378125
102;167;67.56691835846577;5;31505.78885860278
92;133;125.83450714546412;5;30018.01804053361
83;65;166.33486330512542;3;33720.086457410136
42;13;237.22191660732355;5;17260.24988625077
76;82;153.091745878663;2;36103.49039144156
9;173;196.24182181280713;4;41518.707511707944
52;160;12.555596439584866;6;36322.304269144806
94;164;191.03154234463426;1;36721.315177892786
22;139;110.06722550146064;4;29375.22927545774
74;149;261.95255201705805;6;38587.05701201835
41;52;297.3427711110012;9;31144.49623203713
64;117;208.28927572886502;2;28298.643019880885
52;26;120.00132909838199;7;26023.03024955904
81;34;59.54148703325692;6;28078.94287652098
32;52;27.303462318688414;2;26705.449017404066
73;112;111.99772437797901;8;26465.30293325012
81;82;231.656785812059;7;35151.63154291947
85;157;235.18736668507586;5;34565.20772049053
118;166;49.991821153065445;5;36965.59387946654
44;42;271.3079929297488;7;25843.337063012867
49;21;221.6140174351019;9;30184.837369859953
100;42;164.6067842253066;9;30909.970921907017
66;141;264.94345130250105;9;40929.06194565209
97;113;21.085199644903184;6;36011.66356469492
119;105;49.45289637244315;6;32545.367990814448
62;17;286.86926096148954;3;23630.0959124872
71;120;252.6866695157738;1;37450.01341958323
60;137;206.98746057807577;7;32954.519506067714
44;169;31.64861898162638;4;34771.6821670189
102;129;172.72792227788997;1;33330.04196853662
44;130;23.70624867136801;8;31756.741446714354
95;60;30.609289634317435;6;29819.425028850652
81;48;69.46353880657966;6;39293.87781366289
113;29;10.643241032322237;2;23609.639729361537
37;97;54.41561152136731;1;27136.318946191946
10;10;53.349493802929025;2;32829.46209077125
92;58;155.53475092568996;4;28387.35807752464
23;21;139.04560840399256;2;24509.603579625527
84;28;14.444347847979222;1;33357.74928386717
44;34;171.2268758580003;7;21183.851913591243
96;8;51.33242710444913;8;31957.352146267025
101;177;22.481185185432146;6;37508.19214660772
63;79;29.45543883988582;4;33239.000654159885
63;145;196.6776762706098;6;37020.064776260624
52;87;259.46904142229096;3;27943.06706758681
45;88;206.7241424005116;8;36677.21890074953
17;173;57.5538463035549;2;32449.901442609655
111;69;249.94288058311258;5;33351.44509499371
49;160;11.555809457551497;1;41158.11242764568
93;172;118.38819642364433;6;43748.02849923234
57;87;316.6399566952308;2;29756.378320296535
46;101;266.2516393490079;4;34158.66637120506
104;8;122.85157054059285;6;26034.336048981906
67;77;75.22596628999678;8;43721.71113634387
31;87;201.06522566575032;8;35011.18002936909
42;43;49.31915321622911;6;29092.96217918468
64;129;80.02270535279396;4;35307.480867288716
11;109;247.35655593985499;8;34019.53707723034
9;179;131.66123138000594;8;38067.46770391741
111;152;279.02103172265106;1;34446.818911767215
49;152;94.0851790597601;4;32793.62350382413
62;17;206.45716431772183;4;26651.283191367533
119;133;305.6755731689824;7;29516.641474763965
35;148;224.32831515142982;7;38122.8020348723
27;21;91.03161383378219;8;23318.124786755136
46;58;257.15511878481357;5;24207.219605076414
14;159;148.55335564640956;7;34696.40766717925
36;110;132.5512934607445;8;31844.126851550565
111;139;140.2684861762404;9;36818.952378944945
57;143;124.50304745215634;3;31481.73315301795
34;135;64.6689435921814;3;31492.067208845132
43;28;111.99554221728326;4;31144.257525442456
35;51;137.29660176663117;5;32069.466002475965
86;5;135.82701314828293;1;29874.12523088339
104;5;159.9725622273381;7;27914.798061757414
6;94;99.44945657871966;9;31976.143116661377
82;96;149.23391822382504;8;33695.994438552516
81;8;82.56490476999014;5;24051.561300955116
97;64;174.39108681066313;4;38059.89300073051
16;138;188.72673454987574;7;40281.65016243849
43;38;119.44004503996018;5;32299.05795500484
70;111;51.992650576779845;7;30957.91206799201
100;112;174.05065507601566;1;35893.35058975076
17;81;201.7536147240067;1;34837.40968884886
50;136;223.10385194897975;3;27685.905491394282
31;104;216.78108332904122;2;40047.79880849248
117;153;120.13015233315771;2;27197.051944221028
109;73;166.7191926106191;7;35182.529098545376
21;178;22.92119366841385;2;42820.871531262346
108;49;209.2739288146948;4;29480.872679864846
99;36;237.1106360435963;2;28235.518000884633
102;126;12.0209430993429;6;37768.86396323462
64;68;103.00915263923507;8;39901.52945966936
68;78;25.219955609863568;4;29544.321810293168
92;105;10.887897281183685;5;29081.284040670278
113;169;281.8328930686243;4;34765.81272196004
39;122;285.36036516156634;3;25052.120038568897
116;119;91.14362134121954;5;38698.38949357578
74;114;190.361816851106;9;30921.9547364307
87;10;20.03569208684331;8;26757.22422967222
34;149;214.09001660458225;8;39199.45565709504
75;164;139.60698407610357;8;34355.62837795076
78;140;311.6801127705669;8;38740.65197694198
109;91;309.783964671838;7;27481.197480918563
100;2;104.98336416479287;8;32379.01714161999
102;118;28.36831312239711;8;35853.98510632735
67;13;39.02749215389059;8;27161.114845901662
32;160;148.37497686061747;7;35806.117439718975
64;95;256.8173205123613;1;25153.433526736317
83;144;214.07937123989228;4;35473.54371973486
98;32;250.2774012509928;4;28200.13107321698
41;32;13.716488093703948;5;21656.926947812182
97;124;197.98643398362088;6;30871.822865467282
26;11;221.69724833641575;4;25772.463710237407
72;10;97.25024890279762;2;23998.539075260793
24;15;31.9452698928894;6;14710.420474747914
100;17;16.395780144363197;8;33810.80769804433
104;168;137.30418940758653;8;36281.87062455167
118;146;168.27301542731274;7;24558.158953817278
72;153;93.56183901777233;6;46078.18469839698
95;59;111.07841898340357;2;36415.37165656594
68;78;172.12734150152647;7;29450.359744658323
21;124;228.95333828668072;5;28551.16254316649
16;114;149.58669918116442;6;34208.276053802605
26;22;216.2911804868126;8;28376.334074420705
21;158;268.7118706300751;8;37631.529624001865
14;172;240.61236430755838;3;30973.58863372476
69;32;292.2698966315839;7;34115.730104858165
26;179;275.6746846003244;1;33252.40938412226
94;174;2.916865568527851;1;39978.638743277836
86;113;28.53177348335324;7;29505.863697714878
54;120;148.01166499873395;9;46706.86992876743
18;149;28.39643940747091;7;37756.216744826284
68;122;66.73630253184393;5;47926.811382868225
51;32;21.561547251458048;8;32519.50988163023
33;119;264.81193821742596;2;29647.728215656578
80;39;238.9753209682188;9;33531.10396794599
40;12;221.58558759218306;6;31396.069090966084
103;175;12.57893647091042;9;39316.240722488816
56;18;46.394893555471874;2;30345.922360160286
80;149;118.89195989436614;3;38886.91564703838
11;141;57.567541629561816;8;28814.96494617129
33;149;135.52667701868867;1;28735.78797635024
15;126;54.191461856431395;7;28959.685006927833
37;136;42.344983990066645;7;34530.74197185255
10;46;53.51623302517569;1;26734.394142632897
115;104;78.65958437387543;9;28797.59717038526
83;135;47.57837033866347;8;38631.52105259823
36;151;11.978972178459548;4;35887.91410068241
55;86;169.70823223229326;5;32089.67495685427
79;150;105.14275147184712;2;33744.513474130326
62;89;282.42881762517925;9;29977.31948817214
91;22;266.6110352538602;6;24176.004190955122
30;92;132.24883592594898;3;35632.87146268669
102;29;163.5155947116533;7;25540.655591734067
50;13;117.16146537220648;9;28423.772333464087
102;2;107.20174236567847;3;35522.481981360164
33;29;17.465838227905074;2;25733.061276553246
8;27;256.1678640050882;7;32040.25070359597
85;50;172.53177968736458;7;32773.435080178366
103;95;24.137452409332028;4;34099.207816305265
17;151;29.26212264615247;9;36688.362209523766
109;88;170.14182134702946;8;32110.28715364535
43;44;218.82545124855815;1;28511.609843967202
19;22;192.10743410866968;1;23923.780258871375
33;171;231.26690150998724;5;35831.90560567044
33;165;120.72445468347532;6;32442.980021082516
79;97;160.62878332506807;3;37164.41546538299
36;3;268.278362887579;9;18062.51285660778
6;118;170.72336419792993;6;34640.70645562741
51;19;109.75933968120484;4;29005.9635071114
82;23;88.51615096196123;7;29587.219820880167
88;157;181.63667994500332;8;41205.404744327425
26;30;300.46460658829875;9;26465.79204978527
79;39;176.04943052836256;6;30397.57922286025
31;108;169.16175002905524;6;23544.930559067736
71;111;183.14808172379318;8;31110.685589323883
85;25;159.39681203876677;5;32639.08215587612
112;128;220.63128506274677;3;27783.40132231759
60;111;221.22625645430992;3;33376.65683525372
96;136;164.06210150441285;6;31496.194640581012
97;106;141.40777801727543;2;32332.645141141325
25;144;199.20125418845507;6;30954.452556192013
51;72;149.88708507239787;6;24230.98197853285
84;129;33.74633333439222;8;36365.766574799
105;108;48.99579047431811;7;33306.84618987627
63;5;7.4676928761477805;8;30144.595598435997
88;3;248.63468284900247;9;31477.549539994307
10;132;132.82424077817097;6;39221.67368544508
23;104;11.661631282133143;3;32179.103727213325
61;64;15.645343383779046;3;36296.41512301604
73;106;206.32626191008967;1;27490.517463045227
7;98;47.59714945223581;5;35591.94914614066
5;10;143.89721118335518;4;28277.63208163927
62;149;229.50876377439974;9;36407.72326257394
42;128;112.41192983266184;9;35921.491170815585
19;46;165.07923049267947;5;23537.65560832269
38;155;295.56852363708725;4;28750.23595037489
65;66;229.3055976718918;7;39015.11093038499
39;169;217.49865944788863;6;34859.49910901365
68;112;44.238153607616276;4;31946.512890966496
117;13;216.513593148458;2;22510.242628793545
29;137;57.26828563586393;1;25903.708472515813
28;164;135.27420943130736;4;34616.6456059386
16;86;96.55049752508398;4;28746.20039245636
22;90;192.46011925328827;1;30551.201783712255
19;58;162.7668679096096;6;29533.749701910874
112;54;99.80870590625302;4;42847.36540630346
84;12;220.77234179341633;1;25590.85009630522
31;14;202.62174876822948;1;34332.37053971724
76;121;83.08957201243425;1;41477.50107522473
64;162;116.49550948465479;8;39695.861426359916
50;121;204.8699292377665;8;32192.15833725444
93;20;3.8140732095645005;2;21171.718319336356
21;75;89.9519496108001;7;32561.839386669533
97;144;96.9449620502678;8;40609.60039850472
57;70;124.67035947695759;8;39365.75732141492
12;56;126.85345514860849;7;24190.34022876609
83;101;97.07690667716702;5;31379.88805407366
31;132;138.85962732842626;1;28348.487047885767
50;111;287.05684203590795;9;29719.970037815387
54;125;25.755315726477757;7;36905.497671178135
75;132;291.9182958084184;2;30553.076153171325
7;20;221.7985483189732;6;22621.72411341495
97;138;16.093715787112853;2;38671.91931861137
68;24;66.01807658953618;1;29921.323950217735
48;154;92.49438289930923;7;36855.205989675866
57;37;208.5760432624166;2;25016.07320900467
28;54;26.59655881527047;2;35174.31639107351
64;103;24.434399300017;5;32437.010986598954
7;149;249.5535544029756;5;45815.83069377385
24;38;178.2956754937978;7;28951.980847350223
50;174;64.67425822861308;1;24108.150790764197
19;4;46.75061782753543;8;14335.922326115657
29;57;161.14711087151514;3;32097.689709227347
98;173;52.297637495468294;4;43339.38076165403
82;20;110.02440195238182;9;24433.049350380752
75;17;222.02787660868563;4;38151.783863885765
21;119;187.0055703541939;5;40797.494684970516
112;71;56.88437016249107;7;32654.313817205737
88;4;39.837723315875046;4;29849.509711780654
104;14;155.63050839589997;1;32232.461086942585
13;3;161.58791971158306;9;35591.83448660258
42;80;243.62639158761755;4;34000.119833727906
52;55;278.3343385597779;9;30714.498261355744
64;132;230.52488027844913;6;37438.60598793324
67;120;5.02797417612215;1;35734.33140724613
90;24;84.43377244262915;3;32853.38093637497
6;162;266.8309380892597;2;26531.963534602324
92;158;55.85332725120617;9;37872.99724973728
76;82;162.74663095979682;1;33376.612537898676
15;147;215.29308644773928;9;33911.10416473914
68;159;14.194920660669384;9;39834.47222108779
81;60;230.70709768329;8;40107.17810284521
85;147;60.38978841405669;8;36157.155655522205
76;49;123.52113010587232;1;32677.42540353845
25;63;290.5453072597761;8;37683.27380225776
22;110;42.51978081717384;3;32638.692529709275
98;150;314.53642015992625;7;31346.913988205954
68;152;65.00508353954189;1;37943.96424543962
86;109;77.16590704545312;1;21766.089316009617
114;76;234.70747071356524;5;20263.514810186596
115;30;79.25336764441768;5;30852.01023558129
99;58;197.16676316572818;8;18991.268084590665
42;117;228.7875437931949;7;26339.721287859047
36;159;211.15003152998003;8;33349.51718244839
15;100;3.0819192529790325;6;27779.83825127057
49;19;5.761951062499406;6;26711.37748226441
93;176;102.39467183993828;2;42315.31070384248
37;173;8.02404007756256;6;37084.074056819656
106;94;242.63542086185566;5;28425.4479911027
45;113;103.75524846187845;3;39189.90536392138
12;146;167.57279299234153;6;26774.673817279046
15;63;208.86853833640293;8;30579.5675438605
90;116;223.05777950013666;9;26195.28012494148
55;113;49.40309320027938;1;33697.349528652696
92;47;12.062111087874396;3;27967.842980537014
45;57;162.70002080313782;3;34680.009557631834
21;118;68.67358725882727;8;36275.327355971145
80;45;153.2055493195421;1;26130.923340041685
50;161;260.6781199760634;5;31476.68179591879
36;145;63.21798838628283;3;32477.95633483945
83;4;228.75289911893793;2;36275.4573001717
84;148;49.88541871239673;8;43599.462405540406
58;47;184.5739640466975;3;24101.51907315675
90;143;203.78426399201584;7;39251.306690006735
96;47;85.51061145541067;1;20812.80285551367
24;78;138.98414750342403;6;28076.767694713173
37;124;82.79592413472622;3;28252.96823568771
78;75;265.8502349520225;8;36636.6472878622
44;103;18.788995536164045;6;25629.242401057938
36;137;151.11516444785033;2;35668.481177112364
118;90;260.69602819800156;6;32700.710607829817
101;144;113.24669164155749;7;34629.14585135245
6;69;297.3464505927274;5;37756.21475372199
101;61;56.73046297693067;3;39310.305961671555
37;138;124.81028673835219;4;33037.91590773514
109;50;283.8394155181964;4;28391.018497000026
81;3;112.54119031474785;6;19598.123405984166
34;107;289.1157075644204;1;31695.30506380395
37;113;253.67501457130297;4;42120.64627872996
81;94;251.08965938846814;4;31442.003302360383
30;118;7.573604354584428;1;35906.2064157189
26;81;146.64111363622945;9;23776.65338040368
107;109;8.060617283372988;4;31227.935351331987
70;51;85.81546415026533;7;32025.746529013253
42;147;38.42698555661283;3;34804.291990240265
107;170;81.16142304341913;3;40873.30667205281
94;35;181.3355411230555;8;26318.57057720668
50;46;89.1585593870938;8;20400.597255881672
118;154;93.56366135898365;1;41496.981151611355
19;69;237.37186907715457;2;24708.28355364546
102;93;90.7111513257051;8;35271.73013750992
110;64;85.43569090451192;1;32934.674332442075
48;165;43.5598227552253;8;27486.78402484004
53;49;132.94136202745682;8;34619.39708620012
108;149;60.27745254550382;2;32672.614027355154
79;74;39.1586613760793;4;31199.99310993481
65;5;101.00211071707962;6;25163.15718017222
71;100;154.60918112695322;9;40763.56751116455
10;70;259.1459064081624;8;36490.311040920315
13;90;170.31550625003354;8;21890.327081146388
10;4;211.35258887782913;7;37273.94560954094
77;126;161.45200911566843;9;30830.13633742402
107;39;228.83347901615423;2;39814.153384909194
99;163;51.275457942625415;3;34929.872139300074
36;129;85.91913299646883;8;31858.52646954032
45;24;287.0478179967694;6;26422.201334610887
118;57;104.65934689116018;9;29083.231775102555
80;100;148.16605694038253;4;45026.86268911611
12;70;122.22123830991637;8;29427.404003396827
76;41;173.07889422369124;3;27421.237837306555
54;174;9.78922889217034;3;36396.40378746472
96;60;222.91260765161852;8;25937.36401537647
66;108;277.6661715538778;5;40667.67267145125
88;57;249.71929255586338;3;22695.155821534343
66;31;234.94171134077703;1;24954.836964642975
115;84;145.65029898681738;3;36742.93154923396
11;152;33.553560693125576;9;34695.53065383716
79;36;123.15363768387681;5;31615.92591250023
88;158;159.42081900777904;2;43313.74058342714
84;152;93.56633209758876;7;40666.177741662395
8;108;86.58401178606256;2;32069.401725705728
10;106;242.05774218944805;4;41916.37324925899
62;158;122.35304239861593;7;32442.909256018833
26;86;93.59491952165489;4;30134.391795037234
30;135;168.8808842952089;7;33557.33834248617
7;163;97.57800116402846;7;34353.7311699151
45;14;113.96517864874353;1;21341.136715194196
64;120;93.0055714421569;6;25484.09087419751
110;138;200.1083748858897;9;37582.37787189597
18;80;18.6920746146115;2;26822.011072246714
79;144;281.9128484705473;3;44317.993944906404
86;106;184.27082456390136;5;32570.4983838238
16;70;122.21193888889246;9;28706.36371254255
91;44;183.96196788701488;4;34927.678932013274
16;73;97.30534187173711;1;31488.50318723861
17;45;82.77045031588686;4;27289.302861064756
29;107;109.84028088590613;6;28831.391261177785
49;84;257.1904271255841;5;49311.99901999537
119;82;55.082115953996116;1;33665.07881130869
23;107;137.81687667355453;4;37184.37788692198
59;21;111.05525499025765;6;22629.942398832525
114;178;266.96932438851263;4;34519.01306788162
104;161;213.77853657270404;9;47242.30944145144
49;7;39.24618563061848;5;33678.434696778175
12;70;110.30335288101756;8;32097.330518666415
97;127;181.31690918696364;9;32733.64554101488
57;143;265.21863772066166;5;33316.32114021712
59;160;254.17250575024798;6;32180.086323719355
36;148;221.52621227058557;1;28274.14334930679
55;143;67.40968538603221;7;39233.100921305064
48;176;199.3175079005921;4;38790.7561139603
86;149;240.558038390809;2;38785.88408171137
74;170;136.70060550641193;5;34629.28006018868
22;154;149.0198256280428;3;35583.184875665815
87;120;105.09533563408819;6;31660.261175129326
26;128;69.65241487065468;8;29688.539686148466
41;142;306.85816344679836;7;42638.44218071088
100;57;108.32066982612851;3;30876.256484203717
60;165;177.56077125971012;8;38560.9816914327
109;58;186.1482345744628;2;34585.47006928751
63;21;156.10324974093237;9;28733.204431165123
7;82;37.30558103986295;4;31268.76372012577
32;69;129.2751784251309;1;24110.37411523146
78;131;130.35063979820654;8;29958.55485781707
119;87;294.9542765646973;7;27889.446224357765
39;165;88.27750452890868;5;38423.61208410267
65;49;234.2197920795606;5;29700.773264110325
97;147;114.76643761271865;7;31122.20218117206
58;115;100.30515229404219;5;35830.734208176036
67;89;198.46799457865689;8;34594.77230477053
83;85;38.48044248243513;6;28304.880043503174
101;128;155.2547656057447;5;34303.83227685362
11;140;116.36845204444018;9;36544.718375302386
80;169;104.97469675237255;2;31829.233229402886
53;161;42.647463680772674;1;37929.573824479754
98;178;261.35701272635;8;38950.658020817806
89;117;186.63624497525842;3;28446.54147249487
35;127;277.6760228113121;7;34449.583674990514
62;71;279.75889217365557;8;32602.692933279523
65;86;37.99608628660834;6;28378.694369306006
28;33;192.30009883464126;9;25365.041750668956
24;81;165.87736031767477;7;25521.940345344054
41;152;23.125412281088465;5;32456.69515438053
8;61;24.365134069959037;8;29170.019947814257
96;61;4.224857073666104;2;27616.439206528397
112;98;310.7068812682871;7;25695.350508780564
24;28;185.44049251731923;4;23895.29987681686
64;43;253.71972249827604;9;27231.77946593999
28;169;114.607194298659;1;39177.97354816126
54;167;293.36449489271547;7;38919.04457388465
53;86;65.30728749287773;6;35471.64539437502
55;177;265.6058968212837;8;32912.47551500516
100;17;178.39717715566374;5;28891.013895396714
109;98;181.59841618985462;1;20458.79750499233
40;98;256.32316976764895;1;33464.21199090494
102;65;187.36205742791287;9;34300.62836950399
104;74;53.36148334795846;6;29784.834160695384
70;85;141.6267286956942;5;32938.649058608906
83;5;172.00784452056286;1;19297.338623149735
38;2;100.94853352682229;6;22289.18504800088
40;22;85.39030197264049;6;31282.726192161383
10;112;221.50173492589516;3;34281.43639269788
43;57;2.7954965613179623;8;27582.537444776164
46;66;185.49661007395574;1;33686.14158702355
119;74;38.99030769888277;1;32097.800583999553
119;98;253.1804373329598;6;30644.075180389205
62;144;162.95272622398764;1;33392.01344698353
16;112;30.008574129139337;6;29802.771543442323
7;179;191.9481495720465;1;29355.420245907357
113;125;25.923495646500292;6;40857.7390295105
22;167;114.40305480330161;3;32195.857833537044
44;86;193.23258248223357;8;27128.85642851544
25;76;187.69215730397025;6;22572.458397433205
19;88;51.70993761953546;1;17195.690662054363
101;168;234.974036365959;5;40199.654340594934
103;38;42.19419154184637;8;33632.28343518106
30;59;16.83444910183585;3;35073.77292297354
12;138;23.49864212898225;6;32723.923419149087
104;99;216.3011662394871;5;31256.877363532025
116;63;152.88774606661025;6;28603.974433484294
98;49;244.07898896752857;1;27535.991850808983
91;32;272.0590357646735;7;34625.78175370093
46;135;61.18947519120386;9;34031.583756355205
48;21;279.52362217524666;2;29107.563980007017
18;20;221.0423613917478;5;24651.155840197982
82;154;30.51517925169876;4;42081.89953110354
6;127;168.57224377132897;6;23217.815602826307
41;68;272.5780605706208;6;23957.619126409772
73;110;251.75690372470285;2;34574.732621172785
42;116;8.499160209987826;2;41203.03375615468
113;143;147.03093064551237;4;34297.20900120615
45;120;10.101697655025127;1;28435.71597136328
66;79;222.70248197683864;9;36382.19352579172
64;116;271.5059447258706;7;34877.78221007449
115;92;52.15661923757376;7;39288.019059971215
18;14;99.25060531025477;3;19908.314576278295
107;155;155.8777582673206;3;41964.86243005463
93;125;131.25175932507233;1;26059.072716158644
88;168;102.53722912862993;3;34851.22926922566
6;58;244.6434222508538;3;30679.943764119635
107;28;186.8551871899851;4;29777.246890995466
74;26;217.2244703103528;4;33437.74167991184
21;113;46.736765636502426;3;22848.07991495388
93;66;281.51090254375254;8;31761.917398495185
32;153;77.81364173523598;8;40838.12016391974
70;131;90.94414556052891;1;34017.071135360486
39;44;188.457713334909;7;23044.531601166487
105;97;101.17912714031293;2;37564.48697413326
9;42;265.8791384681364;1;24365.59864928152
69;6;92.40650542792648;3;22715.794939685613
44;167;200.6633204656908;4;30767.131235582463
80;23;1.0188815734716454;6;27245.48443525519
60;89;173.8889051406767;5;32419.92110186435
40;123;130.11232551841405;4;26625.469726484604